Sentiment,AvgLikes,AvgRetweets
Negative,88.25925925925925,26.555555555555557
Neutral,80.2,28.02857142857143
Positive,75.21052631578948,26.07894736842105
