AgeGroup,AvgLikes,AvgRetweets
Senior,82.85365853658537,26.29268292682927
Adult,81.95,25.9
Teen,72.26315789473684,30.263157894736842
